<?xml version="1.0" encoding="UTF-8"?>  
<beans xmlns="http://www.springframework.org/schema/beans"  
    xmlns:xsi="http://www.w3.org/2001/XMLSchema-instance" xmlns:context="http://www.springframework.org/schema/context"  
    xmlns:p="http://www.springframework.org/schema/p" xmlns:aop="http://www.springframework.org/schema/aop"  
    xmlns:tx="http://www.springframework.org/schema/tx"  
    xsi:schemaLocation="http://www.springframework.org/schema/beans http://www.springframework.org/schema/beans/spring-beans-4.1.xsd  
    http://www.springframework.org/schema/context http://www.springframework.org/schema/context/spring-context-4.1.xsd   
    http://www.springframework.org/schema/aop http://www.springframework.org/schema/aop/spring-aop-4.1.xsd   
    http://www.springframework.org/schema/tx http://www.springframework.org/schema/tx/spring-tx-4.1.xsd">  
     
   <!-- 启用spring mvc注解 -->  
   <context:annotation-config  />  
     
   <!-- 配置读取外部配置文件 -->  
   <!-- <context:property-placeholder location="classpath:jdbc.properties"  />  
   <bean id="dataSource" class="org.apache.commons.dbcp.BasicDataSource" destroy-method="close">
   	<property name="driverClassName" value="${jdbc.driver}"></property>
   	<property name="url" value="${jdbc.url}"></property>
   	<property name="username" value="${jdbc.username}"></property>
   	<property name="password" value="${jdbc.password}"></property>
   </bean>  -->
  <!--   p:driverClassName="${jdbc.driver}" p:url="${jdbc.url}"   
    p:username="${jdbc.username}" p:password="${jdbc.password}"   
    p:testOnBorrow="true" p:testWhileIdle="true" p:testOnReturn="true"  
    p:timeBetweenEvictionRunsMillis="1800000" p:numTestsPerEvictionRun="3" p:minEvictableIdleTimeMillis="1800000"/>   -->
      
       <!-- <bean id="dataSource"  
          class="org.springframework.jdbc.datasource.DriverManagerDataSource">  
        <property name="driverClassName" value="com.mysql.jdbc.Driver" />  
        <property name="url" value="jdbc:mysql://localhost:3306/hhl?useUnicode=true&amp;characterEncoding=UTF-8&amp;autoReconnect=true" />  
        <property name="username" value="root" />  
        <property name="password" value="root" />  
    </bean>   -->
      <bean id="dataSource"  
          class="org.springframework.jdbc.datasource.DriverManagerDataSource">  
        <property name="driverClassName" value="com.mysql.jdbc.Driver" />  
        <property name="url" value="jdbc:mysql://localhost:3306/hhl?characterEncoding=utf8&amp;useUnicode=true&amp;autoReconnect=true&amp;serverTimezone=UTC" />  
        <property name="username" value="root" />  
        <property name="password" value="root" />  
    </bean>  
    <!-- 配置session工厂 -->
    <bean id="sqlSessionFactory" class="org.mybatis.spring.SqlSessionFactoryBean">
    	<property name="dataSource" ref="dataSource"></property>
    	<property name="configLocation" value="classpath:mybatis-config.xml"></property>
    	<!-- 配置扫描式加载sql映射文件 -->
    	<property name="mapperLocations" value="classpath:cn/frame/entity/*.xml"></property>
    </bean>
    <!-- 配置sessionTemplate，已封装了繁琐的数据操作 -->
    <bean id="sessionTemplate" class="org.mybatis.spring.SqlSessionTemplate">
    	<constructor-arg name="sqlSessionFactory" ref="sqlSessionFactory"></constructor-arg>
    </bean>
     <!-- 配置事务管理器，管理数据源事务处理 -->
    <bean id="transactionManager" class="org.springframework.jdbc.datasource.DataSourceTransactionManager">
    	<property name="dataSource" ref="dataSource"></property>
    </bean>
   <!-- jdbcTemplate -->  
   <!-- <bean id="jdbcTemplate" class="org.springframework.jdbc.core.JdbcTemplate"   
    p:dataSource-ref="sqlSessionFactory"/>  --> 
   <!-- 配置事务管理器 -->  
  <!--  <bean id="txManager" class="org.springframework.jdbc.datasource.DataSourceTransactionManager"  
    p:dataSource-ref="dataSource" />   -->
    <!-- 事务扫描开始(开启@Tranctional) -->  
    <!-- <tx:annotation-driven transaction-manager="txManager" />   -->
    <!-- 配置事务通知 -->
    <tx:advice id="advice" transaction-manager="transactionManager">
    <!-- 默认处理运行时异常 -->
    	<tx:attributes>
    		<tx:method name="insert*" propagation="REQUIRED" rollback-for="Exception"/>
    		<tx:method name="update*" propagation="REQUIRED" rollback-for="Exception"/>
    		<tx:method name="delete*" propagation="REQUIRED" rollback-for="Exception"/>
    		<tx:method name="*" propagation="SUPPORTS"/>
    	</tx:attributes>
    </tx:advice>
    <!-- 配置切面织入的范围，把事务边界定在service层 -->
    <aop:config>
    	<aop:advisor advice-ref="advice" pointcut="execution(* cn.frame.service.impl.*.*(..))"/>
    </aop:config>
    <!-- 自动扫描组件，要把controller去除，他们是在spring-mvc.xml中配置的，如果不去除会影响事务管理 -->
    <context:component-scan base-package="cn.frame">
    	<context:exclude-filter type="annotation" expression="org.springframework.stereotype.Controller"/>
    </context:component-scan>
    <!-- 配置转换器，对于在basePackage设置的包下的接口类的全名 -->
    <bean class="org.mybatis.spring.mapper.MapperScannerConfigurer">
    	<property name="sqlSessionFactory" ref="sqlSessionFactory"></property>
    	<property name="basePackage" value="cn.frame.dao"></property>
    </bean>
    <bean id="multipartResolver" class="org.springframework.web.multipart.commons.CommonsMultipartResolver">       
</bean>
</beans>  