<?xml version="1.0" encoding="UTF-8"?>  
<beans xmlns="http://www.springframework.org/schema/beans"  
    xmlns:xsi="http://www.w3.org/2001/XMLSchema-instance" xmlns:context="http://www.springframework.org/schema/context"  
    xmlns:tx="http://www.springframework.org/schema/tx" xmlns:mvc="http://www.springframework.org/schema/mvc"  
    xsi:schemaLocation="http://www.springframework.org/schema/beans   
       http://www.springframework.org/schema/beans/spring-beans.xsd   
       http://www.springframework.org/schema/context   
       http://www.springframework.org/schema/context/spring-context.xsd   
       http://www.springframework.org/schema/tx   
       http://www.springframework.org/schema/tx/spring-tx.xsd  
          http://www.springframework.org/schema/mvc  
       http://www.springframework.org/schema/mvc/spring-mvc.xsd">  
      
     <!-- 基本包扫描 -->  
   <!-- <context:component-scan base-package="cn.frame" />  -->
   <!-- 扫描所有controller，但不扫描service -->
      <context:component-scan base-package="cn.frame">
      	<context:include-filter type="annotation" expression="org.springframework.stereotype.Controller"/>
      	<context:exclude-filter type="annotation" expression="org.springframework.stereotype.Service"/>
      </context:component-scan>    
      
    <!-- 注册HandlerMapper、HandlerAdapter两个映射类,负责将请求映射到类和方法中 -->  
    <mvc:annotation-driven />  
  
    <!-- 访问静态资源,如js, css文件等 -->  
    <mvc:default-servlet-handler />  
      
    <!-- 视图解析器 -->  
    <bean  
        class="org.springframework.web.servlet.view.InternalResourceViewResolver">  
        <property name="prefix" value="/view/"></property>  
        <property name="suffix" value=".jsp"></property>  
    </bean>   
    
    <!-- springMVC上传文件时，需要配置MultipartResolver处理器 -->
    <bean id="multipartResolver" 
        class="org.springframework.web.multipart.commons.CommonsMultipartResolver">
        <property name="defaultEncoding" value="utf-8"></property>
        <property name="maxUploadSize" value="10485760000"></property>
        <property name="maxInMemorySize" value="40960"></property>
    </bean>
</beans>  