<?xml version="1.0" encoding="UTF-8"?>
<!DOCTYPE mapper PUBLIC "-//mybatis.org//DTD Mapper 3.0//EN" "http://mybatis.org/dtd/mybatis-3-mapper.dtd">
<mapper namespace="cn.frame.dao.UserInformationDao">
	<resultMap type="UserInformation" id="userInformationResultMap">
		<id property="uid" column="uid" />
		<result property="realname" column="realname" />
		<result property="gender" column="gender" />
		<result property="birth" column="birth" />
		<result property="nation" column="nation" />
		<!-- <association property="user" column="u_id"
		resultMap="cn.bhs.dao.UserDao.userResultMap"></association>
		<collection property="homestays" resultMap="cn.bhs.dao.HomestayDao.homestayResultMap"></collection> -->
	</resultMap>
    <select id="selectUserInformation" resultMap="userInformationResultMap">
        SELECT * FROM USERINFORMATION
    </select>
    <insert id="insertUserInformations" parameterType="UserInformation">
    	INSERT INTO USER(UID,REALNAME,BIRTH,GENDER,NATION) 
    	VALUES(${uid},${realname},${birth},${gender},${nation})
    </insert>
</mapper>