<?xml version="1.0" encoding="UTF-8"?>
<!DOCTYPE mapper PUBLIC "-//mybatis.org//DTD Mapper 3.0//EN" "http://mybatis.org/dtd/mybatis-3-mapper.dtd">
<mapper namespace="cn.frame.dao.UserDao">
	<resultMap type="User" id="userResultMap">
		<id property="uid" column="uid" />
		<result property="uname" column="uname" />
		<result property="addtime" column="addtime" />
		<result property="password" column="password" />
		<!-- <association property="user" column="u_id"
		resultMap="cn.bhs.dao.UserDao.userResultMap"></association>
		<collection property="homestays" resultMap="cn.bhs.dao.HomestayDao.homestayResultMap"></collection> -->
	</resultMap>
    <select id="selectUsers" resultMap="userResultMap">
        SELECT * FROM USER
    </select>
    <insert id="insertUsers" parameterType="User">
    	INSERT INTO USER(UID,UNAME,ADDTIME,PASSWORD) VALUES(${uid},${uname},${addtime},${password})
    </insert>
</mapper>